ID,EN_NAME,GR_NAME,LAT,LONG
0015,SAN ROCCO SQUARE LINE 15 AIRPORT,ΠΛΑΤΕΙΑ ΣΑΡΟΚΟΥ ΓΡΑΜΜΗ 15 ΑΕΡΟΔΡΟΜΙΟ,39.621967,19.918359
201,KANONI TO TOWN,ΚΑΝΟΝΙ ΠΡΟΣ ΠΟΛΗ,39.591988,19.917241
202,HOTEL CORFU HOLIDAY PALACE TO TOWN,ΞΕΝΟΔΟΧΕΙΟ CORFU HOLIDAY PALACE ΠΡΟΣ ΠΟΛΗ,39.593054,19.918864
203,ELIA KANONIOU TO TOWN,ΕΛΙΑ ΚΑΝΟΝΙΟΥ ΠΡΟΣ ΠΟΛΗ,39.596274,19.920300
204,SCHOOL KANONI TO TOWN,ΣΧΟΛΕΙΟ ΚΑΝΟΝΙΟΥ ΠΡΟΣ ΠΟΛΗ,39.597330,19.920843
205,HOTEL DIVANI TO TOWN,ΞΕΝΟΔΟΧΕΙΟ DIVANI ΠΡΟΣ ΠΟΛΗ,39.599335,19.921742
206,GEORGIADI TO TOWN,ΓΕΩΡΓΙΑΔΗ ΠΡΟΣ ΠΟΛΗ,39.600721,19.921802
207,KORIFO TO TOWN,ΚΟΡΥΦΟ ΠΡΟΣ ΠΟΛΗ,39.604153,19.921891
208,VILLA KALAVRETZOU TO TOWN,ΒΙΛΛΑ ΚΑΛΑΒΡΕΤΖΟΥ ΠΡΟΣ ΠΟΛΗ,39.605647,19.921409
209,MON REPO MUSEUM - HOTEL ARION TO TOWN,ΜΟΝ ΡΕΠΟ ΜΟΥΣΕΙΑ - ΞΕΝΟΔΟΧΕΙΟ ARION ΠΡΟΣ ΠΟΛΗ,39.607627,19.922814
210,MON REPO ROUAL BATHS TO TOWN,ΜΟΝ ΡΕΠΟ ΛΟΥΤΡΑ ΠΡΟΣ ΠΟΛΗ,39.609349,19.926776
211,ANEMOMILOS TO TOWN,ΑΝΕΜΟΜΥΛΟΣ ΠΡΟΣ ΠΟΛΗ,39.610555,19.927057
212,PLAYGROUND GARITSA TO TOWN,ΠΑΙΔΙΚΗ ΧΑΡΑ ΓΑΡΙΤΣΑ ΠΡΟΣ ΠΟΛΗ,39.610584,19.924920
213,AGAMON TO TOWN,ΑΓΑΜΩΝ ΠΡΟΣ ΠΟΛΗ,39.610941,19.922657
214,DESSILA TO TOWN,ΔΕΣΣΥΛΑ ΠΡΟΣ ΠΟΛΗ,39.611604,19.921488
215,KARATZA TO TOWN,ΚΑΡΑΤΖΑ ΠΡΟΣ ΠΟΛΗ,39.613109,19.920375
216,KASTROS TO TOWN,ΚΑΣΤΡΟΣ ΠΡΟΣ ΠΟΛΗ,39.614530,19.920076
217,DOULGAS OBELISK TO TOWN,ΚΟΛΩΝΑ ΝΤΟΥΓΚΛΑ ΠΡΟΣ ΠΟΛΗ,39.616648,19.920635
218,CORFU TOWN HALL TO TOWN,ΔΗΜΑΡΧΕΙΟ ΚΕΡΚΥΡΑΣ ΠΡΟΣ ΠΟΛΗ,39.618054,19.920355
219,POST OFFICE TO TOWN,ΤΑΧΥΔΡΟΜΕΙΟ ΠΡΟΣ ΠΟΛΗ,39.619692,19.919542
221,IKA,ΙΚΑ,39.624553,19.913403
222,CUSTOMS,ΤΕΛΩΝΕΙΟ,39.625919,19.908151
223,PORT - MANTOUKI,ΛΙΜΑΝΙ - ΜΑΝΤΟΥΚΙ,39.626863,19.904239
224,KARNAGIO,ΚΑΡΝΑΓΙΟ,39.630292,19.895865
225,HOTEL SALINA,ΞΕΝΟΔΟΧΕΙΟ ΣΑΛΙΝΑ,39.629376,19.888084
226,ALKINOOS,ΑΛΚΙΝΟΟΣ,39.627600,19.894155
227,LOUTROUVIO - HOTEL CORFU MARE,ΛΟΥΤΡΟΥΒΙΟ - ΞΕΝΟΔΟΧΕΙΟ CORFU MARE,39.626948,19.897140
228,KEFALOMANTOUKO TO TOWN,ΚΕΦΑΛΟΜΑΝΤΟΥΚΟ ΠΡΟΣ ΠΟΛΗ,39.626233,19.899686
229,LOUTROUVIO - HOTEL CORFU MARE TO TOWN,ΛΟΥΤΡΟΥΒΙΟ - ΞΕΝΟΔΟΧΕΙΟ CORFU MARE ΠΡΟΣ ΠΟΛΗ,39.627014,19.897084
230,ALKINOOS TO TOWN,ΑΛΚΙΝΟΟΣ ΠΡΟΣ ΠΟΛΗ,39.627676,19.894108
231,HOTEL SALINA TO TOWN,ΞΕΝΟΔΟΧΕΙΟ ΣΑΛΙΝΑ ΠΡΟΣ ΠΟΛΗ,39.629384,19.888214
232,KARNAGIO TO TOWN,ΚΑΡΝΑΓΙΟ ΠΡΟΣ ΠΟΛΗ,39.630110,19.896030
233,PORT - MANTOUKI TO TOWN,ΛΙΜΑΝΙ - ΜΑΝΤΟΥΚΙ ΠΡΟΣ ΠΟΛΗ,39.626695,19.904446
234,CUSTOMS TO TOWN,ΤΕΛΩΝΕΙΟ ΠΡΟΣ ΠΟΛΗ,39.625815,19.907905
236,HOTEL ATLANTIS TO TOWN,ΞΕΝΟΔΟΧΕΙΟ ATLANTIS ΠΡΟΣ ΠΟΛΗ,39.625756,19.911737
237,NEW FORTRESS TO TOWN,ΝΕΟ ΦΡΟΥΡΙΟ ΠΡΟΣ ΠΟΛΗ,39.623786,19.917291
238,OPEN MARKET TO TOWN,ΛΑΙΚΗ ΑΓΟΡΑ ΠΡΟΣ ΠΟΛΗ,39.622821,19.918923
239,MUNICIPAL THEATRE,ΔΗΜΟΤΙΚΟ ΘΕΑΤΡΟ,39.621871,19.920178
240,1ST - 5TH HIGH SCHOOL,1ο - 5ο ΓΥΜΝΑΣΙΟ,39.620769,19.920404
241,POST OFFICE,ΤΑΧΥΔΡΟΜΕΙΟ,39.619639,19.919451
242,CORFU TOWN HALL,ΔΗΜΑΡΧΕΙΟ ΚΕΡΚΥΡΑΣ,39.618019,19.920269
243,BALANOU,ΜΠΑΛΑΝΟΥ,39.614326,19.919059
244,LIGERI,ΛΥΓΕΡΗ,39.612428,19.919316
245,DESSILA,ΔΕΣΣΥΛΑ,39.611581,19.921409
246,AGAMON,ΑΓΑΜΩΝ,39.610646,19.922709
247,MON REPO MUSEUM - HOTEL ARION,ΜΟΝ ΡΕΠΟ ΜΟΥΣΕΙΑ - ΞΕΝΟΔΟΧΕΙΟ ARION,39.607794,19.922789
248,VILLA KALAVRETZOU,ΒΙΛΛΑ ΚΑΛΑΒΡΕΤΖΟΥ,39.605709,19.921257
249,DIMISIANOU,ΔΗΜΗΣΙΑΝΟΥ,39.604059,19.920495
250,BOIKOU,ΜΠΟΙΚΟΥ,39.600950,19.919929
251,VRISOULA,ΒΡΥΣΟΥΛΑ,39.599556,19.920186
252,SCHOOL OF KANONI,ΣΚΟΛΕΙΟ ΚΑΝΟΝΙ,39.597701,19.918875
253,HOTEL HELLINIS,ΞΕΝΟΔΟΧΕΙΟ HELLINIS,39.594599,19.916555
254,SAN ROCCO SQUARE LINE 2A,ΠΛΑΤΕΙΑ ΣΑΡΟΚΟΥ ΓΡΑΜΜΗ 2Α,39.621756,19.918913
255,2ND HIGH SCHOOL,2ο ΓΥΜΝΑΣΙΟ,39.620548,19.922730
256,SPIANADA SQUARE - LISTON,ΑΝΩ ΠΛΑΤΕΙΑ - ΛΙΣΤΟΝ,39.623624,19.924393
257,2ND HIGH SCHOOL,2ο ΓΥΜΝΑΣΙΟ,39.620680,19.922956
261,KASSOPITRA CHURCH,ΜΟΝΗ ΚΑΣΣΩΠΙΤΡΑΣ,39.595596,19.917401
262,PAMFILI TO TOWN,ΠΑΜΦΙΛΗ ΠΡΟΣ ΠΟΛΗ,39.602340,19.922237
264,PORT TICKET OFFICE TO TOWN,ΕΚΔΟΤΗΡΙΑ ΛΙΜΑΝΙΟΥ ΠΡΟΣ ΠΟΛΗ,39.627260,19.904840
265,CRUISE SHIPS TO TOWN,ΚΡΟΥΑΖΙΕΡΟΠΛΟΙΑ ΠΡΟΣ ΠΟΛΗ,39.627792,19.901279
401,"SAN ROCCO SQUARE LINE 4, 7","ΠΛΑΤΕΙΑ ΣΑΡΟΚΟΥ ΓΡΑΜΜΗ 4, 7",39.621545,19.918450
402,GKIKA,ΓΚΙΚΑ,39.621614,19.914353
403,PLATITERA,ΠΛΑΤΥΤΕΡΑ,39.622293,19.910617
404,GENERAL CLINIC,ΠΟΛΥΚΛΙΝΙΚΗ,39.621493,19.907092
405,CAPUCCINI,ΚΑΠΟΥΚΙΝΟΙ,39.621415,19.904174
406,KAKAROUGKA,ΚΑΚΑΡΟΥΓΚΑ,39.622920,19.900099
407,SOLARI,ΣΟΛΑΡΙ,39.624094,19.895860
408,POTAMOS JUNCTION,ΔΙΑΣΤΑΥΡΩΣΗ ΠΟΤΑΜΟΥ,39.624604,19.890962
412,PSICHREMIA,ΨΥΧΡΑΙΜΙΑ,39.623508,19.878439
413,POTAMOS,ΠΟΤΑΜΟΣ,39.624793,19.877711
414,POLICE STATION POTAMOS,ΑΣΤΥΝΟΜΙΑ ΠΟΤΑΜΟΥ,39.623820,19.877214
415,ST. VARVARIS,ΑΓΙΟΣ ΒΑΡΒΑΡΗΣ,39.624196,19.875582
416,OLD TERMINAL POTAMOS,ΠΑΛΙΟ ΤΕΡΜΑ ΠΟΤΑΜΟΥ,39.624428,19.873846
417,LELA,ΛΕΛΑ,39.626509,19.870717
418,PARASTATHI,ΠΑΡΑΣΤΑΘΗ,39.628032,19.868329
419,KAMINI,ΚΑΜΙΝΙ,39.629324,19.866615
420,RANKIOU,ΡΑΝΚΙΟΥ,39.630735,19.866110
422,KOUKOURITSA - KAPODISTRIA'S MUSEUM,ΚΟΥΚΟΥΡΙΤΣΑ - ΜΟΥΣΕΙΟ ΚΑΠΟΔΙΣΤΡΙΑ,39.629667,19.857755
423,PATSI,ΠΑΤΣΙ,39.628457,19.860619
424,GKINI,ΓΚΙΝΗ,39.627288,19.862754
425,TERMINAL TO TOWNVROPOULI TO TOWN,ΤΕΡΜΑ ΠΡΟΣ ΠΟΛΗΥΡΩΠΟΥΛΟΙ ΠΡΟΣ ΠΟΛΗ,39.624904,19.866095
426,GKINI TO TOWN,ΓΚΙΝΗ ΠΡΟΣ ΠΟΛΗ,39.627346,19.862737
427,PATSI TO TOWN,ΠΑΤΣΙ ΠΡΟΣ ΠΟΛΗ,39.628534,19.860615
428,KOUKOURITSA - KAPODISTRIA'S MUSEUM TO TOWN,ΚΟΥΚΟΥΡΙΤΣΑ- ΜΟΥΣΕΙΟ ΚΑΠΟΔΙΣΤΡΙΑ ΠΡΟΣ ΠΟΛΗ,39.629721,19.857802
429,DAFARI TO TOWN,ΝΤΑΦΑΡΙ ΠΡΟΣ ΠΟΛΗ,39.631403,19.862415
430,RANKIOU TO TOWN,ΡΑΝΚΙΟΥ ΠΡΟΣ ΠΟΛΗ,39.630686,19.866027
431,KAMINI TO TOWN,ΚΑΜΙΝΙ ΠΡΟΣ ΠΟΛΗ,39.629275,19.866558
432,PARASTATHI TO TOWN,ΠΑΡΑΣΤΑΘΗ ΠΡΟΣ ΠΟΛΗ,39.627959,19.868326
433,LELA TO TOWN,ΛΕΛΑ ΠΡΟΣ ΠΟΛΗ,39.626479,19.870669
434,OLD TERMINAL POTAMOS TO TOWN,ΠΑΛΙΟ ΤΕΡΜΑ ΠΟΤΑΜΟΥ ΠΡΟΣ ΠΟΛΗ,39.624355,19.873791
435,ST. VARVARIS TO TOWN,ΑΓΙΟΣ ΒΑΡΒΑΡΗΣ ΠΡΟΣ ΠΟΛΗ,39.624232,19.875484
436,POLICE STATION POTAMOS TO TOWN,ΑΣΤΥΝΟΜΙΑ ΠΟΤΑΜΟΥ ΠΡΟΣ ΠΟΛΗ,39.623789,19.877105
437,POTAMOS TO TOWN,ΠΟΤΑΜΟΣ ΠΡΟΣ ΠΟΛΗ,39.624687,19.877718
442,POTAMOS JUNCTION TO TOWN,ΔΙΑΣΤΑΥΡΩΣΗ ΠΟΤΑΜΟΥ ΠΡΟΣ ΠΟΛΗ,39.624472,19.890902
443,SOLARI TO TOWN,ΣΟΛΑΡΙ ΠΡΟΣ ΠΟΛΗ,39.623927,19.895968
444,KAKAROUGKA TO TOWN,ΚΑΚΑΡΟΥΓΚΑ ΠΡΟΣ ΠΟΛΗ,39.622922,19.899748
445,CAPUCCINI TO TOWN,ΚΑΠΟΥΚΙΝΟΙ ΠΡΟΣ ΠΟΛΗ,39.621360,19.903994
446,GENERAL CLINIC TO TOWN,ΠΟΛΥΚΛΙΝΙΚΗ ΠΡΟΣ ΠΟΛΗ,39.621428,19.907161
447,PLATITERA TO TOWN,ΠΛΑΤΥΤΕΡΑ ΠΡΟΣ ΠΟΛΗ,39.622201,19.910592
448,GKIKA TO TOWN,ΓΚΙΚΑ ΠΡΟΣ ΠΟΛΗ,39.621563,19.914438
449,1ST PEROULAKI,1Η ΠΕΡΟΥΛΑΚΙ,39.631891,19.879491
450,KINDERGARTEN PEROULAKI,ΠΑΙΔΙΚΟΣ ΣΤΑΘΜΟΣ ΠΕΡΟΥΛΑΚΗ,39.629262,19.878919
451,ELTA,ΕΛΤΑ,39.625754,19.877848
452,POLICHOMA 3,ΠΟΛΥΧΩΜΑ 3,39.631647,19.853954
453,ST. ANDREAS TO TOWN,ΑΓΙΟΣ ΑΝΤΡΕΑΣ ΠΡΟΣ ΠΟΛΗ,39.633304,19.852076
454,ST. SPIRIDON TO TOWN,ΑΓΙΟΣ ΣΠΥΡΙΔΩΝ ΠΡΟΣ ΠΟΛΗ,39.633255,19.849681
455,ELVIRA TO TOWN,ΕΛΒΥΡΑ ΠΡΟΣ ΠΟΛΗ,39.633307,19.846353
456,KATAKALI TO TOWN,ΚΑΤΑΚΑΛΙ ΠΡΟΣ ΠΟΛΗ,39.633639,19.844581
457,BARBA GIANNIS TO TOWN,ΜΠΑΡΜΠΑ ΓΙΑΝΝΗΣ ΠΡΟΣ ΠΟΛΗ,39.636298,19.840265
458,KIRA CHRISIKOU TO TOWN,ΚΥΡΑ ΧΡΙΣΙΚΟΥ ΠΡΟΣ ΠΟΛΗ,39.637238,19.839115
459,KOURKOULOU TO TOWN,ΚΟΥΡΚΟΥΛΟΥ ΠΡΟΣ ΠΟΛΗ,39.638521,19.837531
460,KAKOTRAFOS TO TOWN,ΚΑΚΟΤΡΑΦΟΣ ΠΡΟΣ ΠΟΛΗ,39.640641,19.837010
461,BOUA TO TOWN,ΜΠΟΥΑ ΠΡΟΣ ΠΟΛΗ,39.641656,19.833420
462,VOLIMIA TO TOWN,ΒΟΛΙΜΙΑ ΠΡΟΣ ΠΟΛΗ,39.639810,19.829730
463,SOMA TO TOWN,ΣΩΜΑ ΠΡΟΣ ΠΟΛΗ,39.640481,19.822812
464,MERKOURI TO TOWN,ΜΕΡΚΟΥΡΗ ΠΡΟΣ ΠΟΛΗ,39.642081,19.817627
465,GRAIKOU TO TOWN,ΓΡΑΙΚΟΥ ΠΡΟΣ ΠΟΛΗ,39.644012,19.813208
466,CHONDROGIANNI TO TOWN,ΧΟΝΔΡΟΓΙΑΝΝΗ ΠΡΟΣ ΠΟΛΗ,39.643535,19.808646
467,TEBLONI TO TOWN,ΤΕΜΠΛΟΝΙ ΠΡΟΣ ΠΟΛΗ,39.640820,19.804670
469,POLICHOMA 2,ΠΟΛΥΧΩΜΑ 2,39.632368,19.854296
470,POLICHOMA 1,ΠΟΛΥΧΩΜΑ 1,39.631645,19.856599
471,DAFARI,ΝΤΑΦΑΡΙ,39.631480,19.862422
472,ELTA TO TOWN,ΕΛΤΑ ΠΡΟΣ ΠΟΛΗ,39.625827,19.877966
473,1ST PEROULAKI TO TOWN,1Η ΠΕΡΟΥΛΑΚΗ ΠΡΟΣ ΠΟΛΗ,39.631965,19.879597
474,ST. ANDREAS,ΑΓΙΟΣ ΑΝΤΡΕΑΣ,39.633360,19.852150
475,ST. SPIRIDON,ΑΓΙΟΣ ΣΠΥΡΙΔΩΝ,39.633323,19.849670
476,ELVIRA,ΕΛΒΥΡΑ,39.633380,19.846372
477,KATAKALI,ΚΑΤΑΚΑΛΙ,39.633701,19.844563
478,BARBA GIANNIS,ΜΠΑΡΜΠΑ ΓΙΑΝΝΗΣ,39.636368,19.840324
479,KIRA CHRISIKOU,ΚΥΡΑ ΧΡΙΣΙΚΟΥ,39.637293,19.839166
480,KOURKOULOU,ΚΟΥΡΚΟΥΛΟΥ,39.638535,19.837620
481,KAKOTRAFOS,ΚΑΚΟΤΡΑΦΟΣ,39.640650,19.837107
482,BOUA,ΜΠΟΥΑ,39.641729,19.833419
483,VOLIMIA,ΒΟΛΙΜΙΑ,39.639873,19.829723
484,SOMA,ΣΩΜΑ,39.640543,19.822851
486,GRAIKOU,ΓΡΑΙΚΟΥ,39.644075,19.813229
487,CHONDROGIANNI,ΧΟΝΔΡΟΓΙΑΝΝΗ,39.643583,19.808619
488,KOBOLITI TO TOWN,ΚΟΜΠΟΛΙΤΗ ΠΡΟΣ ΠΟΛΗ,39.635447,19.842103
489,KOBOLITI,ΚΟΜΠΟΛΙΤΗ,39.635459,19.842216
501,MITROPOLITOU METHODIOU,ΜΗΤΡΟΠΟΛΙΤΟΥ ΜΕΘΟΔΙΟΥ,39.620331,19.917127
502,VILLA ROSSA,VILLA ROSSA,39.619223,19.915443
503,GEORGOPOULOU,ΓΕΩΡΓΟΠΟΥΛΟΥ,39.616723,19.913960
504,PAGKRATEIKA,ΠΑΓΚΡΑΤΕΙΚΑ,39.611823,19.912810
506,TRIA GEFIRIA,ΤΡΙΑ ΓΕΦΥΡΙΑ,39.611370,19.904830
507,KALLITHEA,ΚΑΛΛΙΘΕΑ,39.609304,19.899122
508,KANALIA JUMBO,ΚΑΝΑΛΙΑ JUMBO,39.606748,19.894773
509,DAVIOU,ΝΤΑΒΙΟΥ,39.601921,19.894560
510,TSAROU,ΤΣΑΡΟΥ,39.599366,19.893668
511,PSATHA,ΨΑΘΑ,39.595362,19.892818
512,VRIONI,ΒΡΥΩΝΗ,39.592120,19.892580
513,AGATHOU KEP,ΑΓΑΘΟΥ ΚΕΠ,39.590148,19.893042
514,ITALIKO,ΙΤΑΛΙΚΟ,39.587655,19.892828
515,ST. PROKOPIS JUNCTION,ΔΙΑΣΤΑΥΡΩΣΗ ΑΓΙΟΥ ΠΡΟΚΟΠΙΟΥ,39.585119,19.892816
516,PERDIKOMATI,ΠΕΡΔΙΚΟΜΑΤΗ,39.579070,19.892960
517,TZITZIFIES,ΤΖΙΤΖΙΦΙΕΣ,39.573170,19.892840
518,PONTI BINTZAN INN HOTEL,ΠΟΝΤΗ BINTZAN INN HOTEL,39.570700,19.892758
519,SFAGIA,ΣΦΑΓΕΙΑ,39.568655,19.890088
520,MILIA,ΜΗΛΙΑ,39.566619,19.886565
521,ST. DEKAS JUNCTION,ΔΙΑΣΤΑΥΡΩΣΗ ΑΓΙΩΝ ΔΕΚΑ,39.565536,19.884974
522,KINOPIASTES,ΚΥΝΟΠΙΑΣΤΕΣ,39.565904,19.880123
523,SPATHA,ΣΠΑΘΑ,39.564086,19.872375
524,KASTELLANOI JUNCTION,ΔΙΑΣΤΑΥΡΩΣΗ ΚΑΣΤΕΛΛΑΝΟΙ,39.563962,19.869831
525,HIGH SCHOOL KASTELLANON TO TOWN,ΓΥΜΝΑΣΙΟ ΛΥΚΕΙΟ ΚΑΣΤΕΛΛΑΝΩΝ ΠΡΟΣ ΠΟΛΗ,39.563988,19.866394
526,POLICE STATION KASTELLANOI,ΑΣΤΥΝΟΜΙΑ ΚΑΣΤΕΛΛΑΝΩΝ,39.566205,19.867318
527,KASTELLANOI,ΚΑΣΤΕΛΛΑΝΟΙ,39.567037,19.863859
528,KOURAMADES JUNCTION,ΔΙΑΣΤΑΥΡΩΣΗ ΚΟΥΡΑΜΑΔΩΝ,39.567370,19.859304
529,TERMINAL KOURAMADES TO TOWN,ΤΕΡΜΑ ΚΟΥΡΑΜΑΔΕΣ ΠΡΟΣ ΠΟΛΗ,39.569746,19.857450
530,KOURAMADES JUNCTION TO TOWN,ΔΙΑΣΤΑΥΡΩΣΗ ΚΟΥΡΑΜΑΔΩΝ ΠΡΟΣ ΠΟΛΗ,39.567353,19.859170
531,KASTELLANOI TO TOWN,ΚΑΣΤΕΛΛΑΝΟΙ ΠΡΟΣ ΠΟΛΗ,39.566970,19.863850
532,POLICE STATION KASTELLANOI TO TOWN,ΑΣΤΥΝΟΜΙΑ ΚΑΣΤΕΛΛΑΝΩΝ ΠΡΟΣ ΠΟΛΗ,39.566396,19.866772
533,KASTELLANOI JUNCTION TO TOWN,ΔΙΑΣΤΑΥΡΩΣΗ ΚΑΣΤΕΛΛΑΝΟΙ ΠΡΟΣ ΠΟΛΗ,39.564106,19.869967
534,SPATHA TO TOWN,ΣΠΑΘΑ ΠΡΟΣ ΠΟΛΗ,39.563987,19.872495
535,KINOPIASTES TO TOWN,ΚΥΝΟΠΙΑΣΤΕΣ ΠΡΟΣ ΠΟΛΗ,39.565834,19.880205
536,ST. DEKA JUNCTION TO TOWN,ΔΙΑΣΤΑΥΡΩΣΗ ΑΓΙΩΝ ΔΕΚΑ ΠΡΟΣ ΠΟΛΗ,39.565560,19.885142
537,MILIA TO TOWN,ΜΗΛΙΑ ΠΡΟΣ ΠΟΛΗ,39.566550,19.886579
538,SFAGIA TO TOWN,ΣΦΑΓΕΙΑ ΠΡΟΣ ΠΟΛΗ,39.568524,19.890052
539,PONTH BINTZAN INN HOTEL TO TOWN,ΠΟΝΤΗ BINTZAN INN HOTEL ΠΡΟΣ ΠΟΛΗ,39.570598,19.892881
540,TZITZIFIES,ΤΖΙΤΖΙΦΙΕΣ,39.572920,19.892942
541,PERDIKOMATI,ΠΕΡΔΙΚΟΜΑΤΗ,39.579163,19.893075
542,ST. PROKOPIS JUNCTION,ΔΙΑΣΤΑΥΡΩΣΗ ΑΓΙΟΥ ΠΡΟΚΟΠΙΟΥ,39.584668,19.893150
543,ITALIKO,ΙΤΑΛΙΚΟ,39.587768,19.892972
544,AGATHOU KEP TO TOWN,ΑΓΑΘΟΥ ΚΕΠ ΠΡΟΣ ΠΟΛΗ,39.590194,19.893168
545,VRIONI TO TOWN,ΒΡΥΩΝΗ ΠΡΟΣ ΠΟΛΗ,39.592148,19.892684
546,PSATHA TO TOWN,ΨΑΘΑ ΠΡΟΣ ΠΟΛΗ,39.595248,19.892910
547,TSAROU TO TOWN,ΤΣΑΡΟΥ ΠΡΟΣ ΠΟΛΗ,39.599388,19.893830
548,DAVIOU TO TOWN,ΝΤΑΒΙΟΥ ΠΡΟΣ ΠΟΛΗ,39.601857,19.894659
549,KANALIA JUMBO TO TOWN,ΚΑΝΑΛΙΑ JUMBO ΠΡΟΣ ΠΟΛΗ,39.606366,19.894446
550,KALLITHEA TO TOWN,ΚΑΛΛΙΘΕΑ ΠΡΟΣ ΠΟΛΗ,39.609289,19.899272
551,TRIA GEFIRIA TO TOWN,ΤΡΙΑ ΓΕΦΥΡΙΑ ΠΡΟΣ ΠΟΛΗ,39.611264,19.904997
554,GEORGOPOULOU TO TOWN,ΓΕΩΡΓΟΠΟΥΛΟΥ ΠΡΟΣ ΠΟΛΗ,39.616680,19.914061
555,PSICHIATRIO SQUARE,ΠΛΑΤΕΙΑ ΨΥΧΙΑΤΡΕΙΟΥ,39.621377,19.916456
556,GREEN BUS STATION,ΥΠΕΡΑΣΤΙΚO ΚΤΕΛ,39.615757,19.912023
557,LIDL,LIDL,39.615022,19.909666
558,KTEO,ΚΤΕΟ,39.613390,19.906574
559,KTEO TO TOWN,ΚΤΕΟ ΠΡΟΣ ΠΟΛΗ,39.613212,19.906737
560,LIDL TO TOWN,LIDL ΠΡΟΣ ΠΟΛΗ,39.614489,19.909054
561,GREEN BUS STATION TO TOWN,ΥΠΕΡΑΣΤΙΚO ΚΤΕΛ ΠΡΟΣ ΠΟΛΗ,39.615534,19.911748
562,COREXPO,COREXPO,39.581764,19.893234
564,COREXPO,COREXPO,39.582172,19.893161
565,BARBA THOMAS,ΜΠΑΡΜΠΑ ΘΩΜΑΣ,39.575236,19.893020
566,BARBA THOMAS,ΜΠΑΡΜΠΑ ΘΩΜΑΣ,39.575378,19.892923
567,AIRPORT TO TOWN,ΑΕΡΟΔΡΟΜΙΟ ΠΡΟΣ ΠΟΛΗ,39.608176,19.914689
568,TRAFFIC LIGHTS AIRPORT,ΦΑΝΑΡΙΑ ΑΕΡΟΔΡΟΜΙΟΥ,39.613079,19.910513
569,TRAFFIC LIGHTS ARIPORT TO TOWN,ΦΑΝΑΡΙΑ ΑΕΡΟΔΡΟΜΙΟΥ ΠΡΟΣ ΠΟΛΗ,39.613057,19.910630
570,PAGKRATEIKA TO TOWN,ΠΑΓΚΡΑΤΕΙΚΑ ΠΡΟΣ ΠΟΛΗ,39.611871,19.913225
571,PONTI BINTZAN INN HOTEL TO ACHILLION,ΠΟΝΤΗ BINTZAN INN HOTEL ΠΡΟΣ ΑΧΙΛΛΕΙΟΝ,39.570424,19.892954
613,SUPER MARKET MARKATO,SUPER MARKET MARKATO,39.590622,19.895808
614,ST. KIRIAKI,ΑΓΙΑ ΚΥΡΙΑΚΗ,39.589047,19.900414
615,PAKIA,ΠΑΚΙΑ,39.586331,19.902498
616,IDRAGOGIO,ΥΔΡΑΓΩΓΕΙΟ,39.585295,19.906580
617,ARGO,ΑΡΓΩ,39.585688,19.910164
618,HOTEL AEGLI,ΞΕΝΟΔΟΧΕΙΟ AEGLI,39.586160,19.914002
619,TAVERNA GIANNIS,ΤΑΒΕΡΝΑ ΓΙΑΝΝΗΣ,39.582325,19.913628
620,PERAMA,ΠΕΡΑΜΑ,39.579858,19.913139
621,COCO BANANA,COCO BANANA,39.576642,19.913362
622,HOTEL ELEALS,ΞΕΝΟΔΟΧΕΙΟ ELEALS,39.573091,19.911445
623,HOTEL AEOLOS,ΞΕΝΟΔΟΧΕΙΟ AEOLOS,39.568406,19.909208
624,KAIZER BRIDGE,ΓΕΦΥΡΑ KAIZER,39.564541,19.910115
625,HOTEL KAIZER,ΞΕΝΟΔΟΧΕΙΟ KAIZER,39.561758,19.910405
626,HOTEL EL GRECO,ΞΕΝΟΔΟΧΕΙΟ EL GRECO,39.558761,19.911255
627,HOTEL ANGSANA,ΞΕΝΟΔΟΧΕΙΟ ANGSANA,39.554883,19.912059
628,HOTEL GRANDE MARE,ΞΕΝΟΔΟΧΕΙΟ GRANDE MARE,39.552273,19.912557
629,SCHOOL OF BENITSES,ΣΧΟΛΕΙΟ ΜΠΕΝΙΤΣΕΣ,39.547981,19.912261
630,CENTER OF BENITSES,ΚΕΝΤΡΟ ΜΠΕΝΙΤΣΩΝ,39.546327,19.913479
631,POTAMAKI,ΠΟΤΑΜΑΚΙ,39.544439,19.914405
632,AURA,ΑΥΡΑ,39.541244,19.914850
633,STADIUM BENITSES,ΣΤΑΔΙΟ ΜΠΕΝΙΤΣΕΣ,39.540318,19.916124
634,OLD TERMINAL BENITSA,ΠΑΛΙΟ ΤΕΡΜΑ ΜΠΕΝΙΤΣΑΣ,39.537913,19.916849
635,HOTEL KARINA,ΞΕΝΟΔΟΧΕΙΟ ΚΑΡΙΝΑ,39.534882,19.918424
636,SPYROS APARTMENTS,ΔΙΑΜΕΡΙΣΜΑΤΑ ΣΠΥΡΟΣ,39.529865,19.921012
637,BELLOS BEACH HOTEL TO TOWN,BELLOS BEACH HOTEL ΠΡΟΣ ΠΟΛΗ,39.525378,19.922650
638,SPYROS APARTMENTS TO TOWN,ΔΙΑΜΕΡΙΣΜΑΤΑ ΣΠΥΡΟΣ ΠΡΟΣ ΠΟΛΗ,39.529855,19.921165
639,HOTEL KARINA TO TOWN,ΞΕΝΟΔΟΧΕΙΟ ΚΑΡΙΝΑ ΠΡΟΣ ΠΟΛΗ,39.534937,19.918494
640,OLD TERMINAL BENITSA TO TOWN,ΠΑΛΙΟ ΤΕΡΜΑ ΜΠΕΝΙΤΣΑ ΠΡΟΣ ΠΟΛΗ,39.538249,19.917237
641,STADIUM TO TOWN,ΣΤΑΔΙΟ ΠΡΟΣ ΠΟΛΗ,39.540277,19.916279
642,AURA TO TOWN,ΑΥΡΑ ΠΡΟΣ ΠΟΛΗ,39.541279,19.914932
643,POTAMAKI TO TOWN,ΠΟΤΑΜΑΚΙ ΠΡΟΣ ΠΟΛΗ,39.544375,19.914549
644,CENTER OF BENITSES TO TOWN,ΚΕΝΤΡΟ ΜΠΕΝΙΤΣΩΝ ΠΡΟΣ ΠΟΛΗ,39.546362,19.913534
645,SCHOOL OF BENITSES TO TOWN,ΣΧΟΛΕΙΟ ΜΠΕΝΙΤΣΕΣ ΠΡΟΣ ΠΟΛΗ,39.547945,19.912423
646,HOTEL GRANDE MARE TO TOWN,ΞΕΝΟΔΟΧΕΙΟ GRANDE MARE ΠΡΟΣ ΠΟΛΗ,39.552426,19.912729
647,HOTEL ANGSANA TO TOWN,ΞΕΝΟΔΟΧΕΙΟ ANGSANA ΠΡΟΣ ΠΟΛΗ,39.555157,19.912101
648,HOTEL EL GRECO TO TOWN,ΞΕΝΟΔΟΧΕΙΟ EL GRECO ΠΡΟΣ ΠΟΛΗ,39.558701,19.911346
649,HOTEL KAIZER TO TOWN,ΞΕΝΟΔΟΧΕΙΟ KAIZER ΠΡΟΣ ΠΟΛΗ,39.561713,19.910528
650,KAIZER BRIDGE TO TOWN,ΓΕΦΥΡΑ KAIZER ΠΡΟΣ ΠΟΛΗ,39.564590,19.910211
651,HOTEL AEOLOS TO TOWN,ΞΕΝΟΔΟΧΕΙΟ AEOLOS ΠΡΟΣ ΠΟΛΗ,39.568339,19.909278
652,HOTEL ELEALS TO TOWN,ΞΕΝΟΔΟΧΕΙΟ ELEALS ΠΡΟΣ ΠΟΛΗ,39.573279,19.911816
653,COCO BANANA TO TOWN,COCO BANANA ΠΡΟΣ ΠΟΛΗ,39.576503,19.913425
654,PERAMA TO TOWN,ΠΕΡΑΜΑ ΠΡΟΣ ΠΟΛΗ,39.579882,19.913227
655,TAVERNA GIANNIS TO TOWN,ΤΑΒΕΡΝΑ ΓΙΑΝΝΗΣ ΠΡΟΣ ΠΟΛΗ,39.582344,19.913998
656,HOTEL AEGLI TO TOWN,ΞΕΝΟΔΟΧΕΙΟ AEGLI ΠΡΟΣ ΠΟΛΗ,39.586053,19.914223
657,ARGO TO TOWN,ΑΡΓΩ ΠΡΟΣ ΠΟΛΗ,39.585762,19.910145
658,IDRAGOGIO TO TOWN,ΥΔΡΑΓΩΓΕΙΟ ΠΡΟΣ ΠΟΛΗ,39.585388,19.906527
659,PAKIA TO TOWN,ΠΑΚΙΑ ΠΡΟΣ ΠΟΛΗ,39.586281,19.902682
660,ST. KIRIAKI TO TOWN,ΑΓΙΑ ΚΥΡΙΑΚΗ ΠΡΟΣ ΠΟΛΗ,39.589092,19.900478
661,KOSKINA JUNCTION TO TOWN,ΚΟΜΒΟΣ ΚΟΣΚΙΝΑ ΠΡΟΣ ΠΟΛΗ,39.590686,19.895765
709,TSORIS,ΤΣΟΡΗΣ,39.627432,19.888424
710,POTAMOS BRIGDE,ΓΕΦΥΡΑ ΠΟΤΑΜΟΥ,39.630135,19.885386
711,HOTEL KERKYRA GOLF LOUIS BLUE,ΞΕΝΟΔΟΧΕΙΟ KERKYRA GOLF LOUIS BLUE,39.632020,19.882774
712,HOTEL SUNSET,ΞΕΝΟΔΟΧΕΙΟ SUNSET,39.633441,19.880101
713,MAGAZAKI,ΜΑΓΑΖΑΚΙ,39.634892,19.876667
714,ST. AIKATERINI,ΑΓΙΑ ΑΙΚΑΤΕΡΙΝΗ,39.636765,19.872378
715,BY NIGHT,ΠΑΛΙΟ BY NIGHT,39.639155,19.866686
716,KINEZIKO,ΚΙΝΕΖΙΚΟ,39.640908,19.863696
717,SOTIRIOTISSA- HOTEL KONTOKALI BAY,ΣΩΤΗΡΙΩΤΙΣΣΑ- ΞΕΝΟΔΟΧΕΙΟ ΚΟΝΤΟΚΑΛΙ BAY,39.644986,19.859650
718,HOTEL TELESILLA & MARINA GOUVIA,ΞΕΝΟΔΟΧΕΙΟ TELESILLA & ΜΑΡΙΝΑ ΓΟΥΒΙΩΝ,39.644895,19.856652
719,PIPILAS,ΠΙΠΙΛΑΣ,39.644515,19.853613
720,HOSPITAL-KONTOKOLI,ΓΕΝΙΚΟ ΝΟΣΟΚΟΜΕΙΟ-ΚΟΝΤΟΚΑΛΙ,39.644762,19.850714
721,SPITI PRIFTI,ΣΠΙΤΙ ΠΡΙΦΤΗ,39.648156,19.846420
722,GOUVIA CENTER,ΓΟΥΒΙΑ ΚΕΝΤΡΟ,39.651696,19.842822
723,HOTEL KORKYRA,ΞΕΝΟΔΟΧΕΙΟ ΚΟΡΚΥΡΑ,39.655125,19.840482
724,GOVINO BAY - PARK HOTEL,GOVINO BAY- PARK HOTEL,39.657943,19.839104
725,TZAVROU,ΤΖΑΒΡΟY,39.660108,19.839741
726,KOMMENO,ΚΟΜΜΕΝΟ,39.662588,19.843424
727,DIONYSOS CAMPING,ΔΙΟΝΥΣΟΣ CAMPING,39.664064,19.844214
728,DAFNILA,ΔΑΦΝΙΛΑ,39.666798,19.843485
729,MERLI,MERLI,39.668733,19.842306
730,HOTEL PRIMAVERA,ΞΕΝΟΔΟΧΕΙΟ PRIMAVERA,39.672234,19.839700
731,MAGNA GRAECIA HOTEL,MAGNA GRAECIA HOTEL,39.675792,19.839584
732,IKOS DASSIA,IKOS DASSIA,39.680074,19.838379
733,MALIBU,MALIBU,39.681953,19.837602
735,ELEA BEACH HOTEL TO TOWN,ELEA BEACH HOTEL ΠΡΟΣ ΠΟΛΗ,39.685045,19.837550
736,MALIBU TO TOWN,MALIBU ΠΡΟΣ ΠΟΛΗ,39.682008,19.837450
737,IKOS DASSIA TO TOWN,IKOS DASSIA ΠΡΟΣ ΠΟΛΗ,39.680075,19.838225
738,MAGNA GRAECIA HOTEL TO TOWN,MAGNA GRAECIA HOTEL ΠΡΟΣ ΠΟΛΗ,39.675771,19.839436
739,HOTEL PRIMAVERA TO TOWN,ΞΕΝΟΔΟΧΕΙΟ PRIMAVERA ΠΡΟΣ ΠΟΛΗ,39.672254,19.839587
740,MERLI TO TOWN,MERLI ΠΡΟΣ ΠΟΛΗ,39.668658,19.842210
741,DAFNILA TO TOWN,ΔΑΦΝΙΛΑ ΠΡΟΣ ΠΟΛΗ,39.666833,19.843368
742,DIONYSOS CAMPING TO TOWN,ΔΙΟΝΥΣΟΣ CAMPING ΠΡΟΣ ΠΟΛΗ,39.664095,19.844112
743,KOMMENO TO TOWN,KOMMENO ΠΡΟΣ ΠΟΛΗ,39.662349,19.842593
744,TZAVROU TO TOWN,ΤΖΑΒΡΟY ΠΡΟΣ ΠΟΛΗ,39.660229,19.839533
745,GOVINO BAY- PARK HOTEL TO TOWN,GOVINO BAY- PARK HOTEL ΠΡΟΣ ΠΟΛΗ,39.657704,19.838980
746,HOTEL KORKYRA TO TOWN,ΞΕΝΟΔΟΧΕΙΟ ΚΟΡΚΥΡΑ ΠΡΟΣ ΠΟΛΗ,39.654986,19.840299
747,GOUVIA CENTER TO TOWN,ΓΟΥΒΙΑ ΚΕΝΤΡΟ ΠΡΟΣ ΠΟΛΗ,39.651529,19.842659
748,SPITI PRIFTI TO TOWN,ΣΠΙΤΙ ΠΡΙΦΤΗ ΠΡΟΣ ΠΟΛΗ,39.648110,19.846158
749,HOSPITAL-KONTOKALI TO TOWN,ΓΕΝΙΚΟ ΝΟΣΟΚΟΜΕΙΟ-ΚΟΝΤΟΚΑΛΙ ΠΡΟΣ ΠΟΛΗ,39.644569,19.850690
750,PIPILAS TO TOWN,ΠΙΠΙΛΑΣ ΠΡΟΣ ΠΟΛΗ,39.644405,19.854279
751,HOTEL TELESILLA & MARINA GOUVIA TO TOWN,ΞΕΝΟΔΟΧΕΙΟ TELESILLA & ΜΑΡΙΝΑ ΓΟΥΒΙΩΝ ΠΡΟΣ ΠΟΛΗ,39.644762,19.856774
752,SOTIRIOTISSA- HOTEL KONTOKALI BAY TO TOWN,ΣΩΤΗΡΙΩΤΙΣΣΑ- ΞΕΝΟΔΟΧΕΙΟ ΚΟΝΤΟΚΑΛΙ BAY ΠΡΟΣ ΠΟΛΗ,39.644785,19.859660
753,KINEZIKO TO TOWN,ΚΙΝΕΖΙΚΟ ΠΡΟΣ ΠΟΛΗ,39.640492,19.863798
754,BY NIGHT TO TOWN,ΠΑΛΙΟ BY NIGHT ΠΡΟΣ ΠΟΛΗ,39.638957,19.866638
755,ST. AIKATERINI TO TOWN,ΑΓΙΑ ΑΙΚΑΤΕΡΙΝΗ ΠΡΟΣ ΠΟΛΗ,39.636771,19.871767
756,MAGAZAKI TO TOWN,ΜΑΓΑΖΑΚΙ ΠΡΟΣ ΠΟΛΗ,39.634777,19.876456
757,HOTEL SUNSET TO TOWN,ΞΕΝΟΔΟΧΕΙΟ SUNSET ΠΡΟΣ ΠΟΛΗ,39.633216,19.880120
758,HOTEL KERKYRA GOLF LOUIS BLUE TO TOWN,ΞΕΝΟΔΟΧΕΙΟ KERKYRA GOLF LOUIS BLUE ΠΡΟΣ ΠΟΛΗ,39.631466,19.883223
759,POTAMOS BRIDGE TO TOWN,ΓΕΦΥΡΑ ΠΟΤΑΜΟΥ ΠΡΟΣ ΠΟΛΗ,39.629434,19.886210
760,TSORIS TO TOWN,ΤΣΟΡΗΣ ΠΡΟΣ ΠΟΛΗ,39.627454,19.888237
762,ELEA BEACH HOTEL,ELEA BEACH HOTEL,39.685039,19.837321
763,CASTELLO,ΚΑΣΤΕΛΟ,39.687542,19.831650
764,KATOMERI TERMINAL TO TOWN,ΚΑΤΩΜΕΡΙ ΤΕΡΜΑ ΠΡΟΣ ΠΟΛΗ,39.689463,19.828951
765,CASTELLO TO TOWN,ΚΑΣΤΕΛΟ ΠΡΟΣ ΠΟΛΗ,39.687462,19.831621
767,ELEA BEACH HOTEL,ELEA BEACH HOTEL,39.685139,19.837850
768,KATOMERI JUNCTION,ΔΙΑΣΤΑΥΡΩΣΗ ΚΑΤΩΜΕΡΙ,39.688146,19.838537
769,MAGKIOROU,ΜΑΓΚΙΟΡΟΥ,39.690330,19.837822
770,FAIAKON HIGH SCHOOL,ΓΥΜΝΑΣΙΟ ΦΑΙΑΚΩΝ,39.693725,19.837834
771,IPSOS,ΥΨΟΣ,39.695303,19.837965
772,FAIAKON TOWN HALL,ΔΗΜΑΡΧΕΙΟ ΦΑΙΑΚΩΝ,39.698225,19.838590
773,CENTER OF IPSOS,ΚΕΝΤΡΟ ΥΨΟΥ,39.700923,19.840160
774,LIMANAKI,ΛΙΜΑΝΑΚΙ,39.703313,19.841610
775,PLAGIA,ΠΛΑΓΙΑ,39.706215,19.843565
776,ST. MARKOS JUNCTION,ΔΙΑΣΤΑΥΡΩΣΗ ΑΓΙΟΥ ΜΑΡΚΟΥ,39.708264,19.842872
777,HOTEL MARILENA TO TOWN,ΞΕΝΟΔΟΧΕΙΟ ΜΑΡΙΛΕΝΑ ΠΡΟΣ ΠΟΛΗ,39.708102,19.844039
778,ST. MARKOS JUNCTION TO TOWN,ΔΙΑΣΤΑΥΡΩΣΗ ΑΓΙΟΥ ΜΑΡΚΟΥ ΠΡΟΣ ΠΟΛΗ,39.708249,19.842658
779,PLAGIA TO TOWN,ΠΛΑΓΙΑ ΠΡΟΣ ΠΟΛΗ,39.706641,19.843632
780,LIMANAKI TO TOWN,ΛΙΜΑΝΑΚΙ ΠΡΟΣ ΠΟΛΗ,39.703388,19.841490
781,CENTER OF IPSOS TO TOWN,ΚΕΝΤΡΟ ΥΨΟΥ ΠΡΟΣ ΠΟΛΗ,39.701095,19.840134
782,FAIAKON TOWN HALL TO TOWN,ΔΗΜΑΡΧΕΙΟ ΦΑΙΑΚΩΝ ΠΡΟΣ ΠΟΛΗ,39.698296,19.838484
783,IPSOS TO TOWN,ΥΨΟΣ ΠΡΟΣ ΠΟΛΗ,39.695225,19.837830
784,FAIAKON HIGH SCHOOL TO TOWN,ΓΥΜΝΑΣΙΟ ΦΑΙΑΚΩΝ ΠΡΟΣ ΠΟΛΗ,39.693760,19.837706
785,MAGKIOROU TO TOWN,ΜΑΓΚΙΟΡΟΥ ΠΡΟΣ ΠΟΛΗ,39.690315,19.837677
786,KATOMERI JUNCTION,ΔΙΑΣΤΑΡΥΩΣΗ ΚΑΤΩΜΕΡΙ ΠΡΟΣ ΠΟΛΗ,39.688099,19.838396
787,SUGAR,SUGAR,39.704806,19.842703
788,SUGAR TO TOWN,SUGAR ΠΡΟΣ ΠΟΛΗ,39.704910,19.842671
801,"SAN ROCCO SQUARE LINE 2B,8,11,14,15 PORT","ΠΛΑΤΕΙΑ ΣΑΡΟΚΟΥ ΓΡΑΜΜΗ 2B,8,11,14,15 ΛΙΜΑΝΙ",39.622071,19.918044
802,KRITIKOS,ΚΡΗΤΙΚΟΣ,39.619044,19.908161
803,ANO KOULINES,ΑΝΩ ΚΟΥΛΙΝΕΣ,39.616613,19.904702
804,KATO KOULINES,ΚΑΤΩ ΚΟΥΛΙΝΕΣ,39.615429,19.903814
805,SKIADOPOULOS,ΣΚΙΑΔΟΠΟΥΛΟΣ,39.615636,19.901000
806,HAWAII,ΧΑΒΑΗ,39.616976,19.897552
807,MAMALI - DEI,ΜΑΜΑΛΟΙ - ΔΕΗ,39.615366,19.894285
808,GEROGIANNIS,ΓΕΡΟΓΙΑΝΝΗΣ,39.613553,19.888712
809,ALEPOU,ΑΛΕΠΟΥ,39.612826,19.886010
810,GEFIRAKI,ΓΕΦΥΡΑΚΙ,39.610789,19.880857
811,LAVRANOU,ΛΑΒΡΑΝΟΥ,39.609989,19.878522
812,TSILIMPOUKI,ΤΣΙΛΙΜΠΟΥΚΗ,39.608261,19.875569
813,PIRI,ΠΥΡΗ,39.607811,19.873175
814,ELIA KOBITSI,ΕΛΙΑ ΚΟΜΠΙΤΣΙΟΥ,39.607111,19.869748
815,KATSIBELI,ΚΑΤΣΙΜΠΕΛΗ,39.606670,19.867171
816,TRIKLINO,ΤΡΙΚΛΙΝΟ,39.608102,19.862637
817,DOULOU,ΔΟΥΛΟΥ,39.606820,19.859125
818,PELEKAS JUNCTION,ΔΙΑΣΤΑΥΡΩΣΗ ΠΕΛΕΚΑ,39.608938,19.854655
819,POST BOX,ΤΑΧΥΔΡΟΜΙΚΗ ΘΥΡΙΔΑ,39.611374,19.851637
820,VLADIMIR,ΒΛΑΝΤΙΜΙΡ,39.612819,19.846939
821,VASILAKIS,ΒΑΣΙΛΑΚΗΣ,39.614559,19.845960
822,ST. IOANNIS,ΑΓΙΟΣ ΙΩΑΝΝΗΣ,39.615460,19.843162
823,AQUALAND TO TOWN,AQUALAND ΠΡΟΣ ΠΟΛΗ,39.618102,19.839375
824,ST. IOANNIS TO TOWN,ΑΓΙΟΣ ΙΩΑΝΝΗΣ ΠΡΟΣ ΠΟΛΗ,39.615386,19.843082
825,VASILAKIS TO TOWN,ΒΑΣΙΛΑΚΗΣ ΠΡΟΣ ΠΟΛΗ,39.614468,19.845943
826,VLADIMIR TO TOWN,ΒΛΑΝΤΙΜΙΡ ΠΡΟΣ ΠΟΛΗ,39.612707,19.846943
827,POST BOX TO TOWN,ΤΑΧΥΔΡΟΜΙΚΗ ΘΥΡΙΔΑ ΠΡΟΣ ΠΟΛΗ,39.611350,19.851524
828,PELEKAS JUNCTION TO TOWN,ΔΙΑΣΤΑΥΡΩΣΗ ΠΕΛΕΚΑ ΠΡΟΣ ΠΟΛΗ,39.608704,19.854696
829,DOULOU TO TOWN,ΔΟΥΛΟΥ ΠΡΟΣ ΠΟΛΗ,39.606730,19.858857
830,TRIKLINO TO TOWN,ΤΡΙΚΛΙΝΟ ΠΡΟΣ ΠΟΛΗ,39.607984,19.862708
831,KATSIBELI TO TOWN,ΚΑΤΣΙΜΠΕΛΗ ΠΡΟΣ ΠΟΛΗ,39.606570,19.867150
832,ELIA KOBITSIOU TO TOWN,ΕΛΙΑ ΚΟΜΠΙΤΣΙΟΥ ΠΡΟΣ ΠΟΛΗ,39.607046,19.869818
833,PIRI TO TOWN,ΠΥΡΗ ΠΡΟΣ ΠΟΛΗ,39.607736,19.873318
834,TSILIMPOUKI TO TOWN,ΤΣΙΛΙΜΠΟΥΚΗ ΠΡΟΣ ΠΟΛΗ,39.608199,19.875680
835,LAVRANOU TO TOWN,ΛΑΒΡΑΝΟΥ ΠΡΟΣ ΠΟΛΗ,39.609977,19.878739
836,GEFIRAKI TO TOWN,ΓΕΦΥΡΑΚΙ ΠΡΟΣ ΠΟΛΗ,39.610705,19.880884
837,ALEPOU TO TOWN,ΑΛΕΠΟΥ ΠΡΟΣ ΠΟΛΗ,39.612743,19.885995
838,GEROGIANNIS TO TOWN,ΓΕΡΟΓΙΑΝΝΗΣ ΠΡΟΣ ΠΟΛΗ,39.613458,19.889196
839,MAMALI - DEI TO TOWN,ΜΑΜΑΛΟΙ - ΔΕΗ ΠΡΟΣ ΠΟΛΗ,39.615268,19.894292
840,HAWAII TO TOWN,ΧΑΒΑΗ ΠΡΟΣ ΠΟΛΗ,39.616844,19.897615
841,SKIADOPOULOS TO TOWN,ΣΚΙΑΔΟΠΟΥΛΟΣ ΠΡΟΣ ΠΟΛΗ,39.615582,19.900923
842,KATO KOULINES TO TOWN,ΚΑΤΩ ΚΟΥΛΙΝΕΣ ΠΡΟΣ ΠΟΛΗ,39.615340,19.903873
843,ANO KOULINES TO TOWN,ΑΝΩ ΚΟΥΛΙΝΕΣ,39.616586,19.904764
844,KRITIKOS TO TOWN,ΚΡΗΤΙΚΟΣ ΠΡΟΣ ΠΟΛΗ,39.618762,19.908065
845,ST. SPIRIDON KOTSELA TO TOWN,ΑΓΙΟΣ ΣΠΥΡΙΔΩΝ ΚΩΤΣΕΛΑ ΠΡΟΣ ΠΟΛΗ,39.619533,19.910538
846,PENTARA TO TOWN,ΠΕΝΤΑΡΑ ΠΡΟΣ ΠΟΛΗ,39.620332,19.912668
858,AFRA - TRIKLINO JUNCTION TO TOWN,ΔΙΑΣΤΑΥΡΩΣΗ ΤΡΙΚΛΙΝΟ ΑΦΡΑ ΠΡΟΣ ΠΟΛΗ,39.608423,19.863120
859,AGROFILAKA TO TOWN,ΑΓΡΟΦΥΛΑΚΑ ΠΡΟΣ ΠΟΛΗ,39.612218,19.861991
860,KALIVIA TO TOWN,ΚΑΛΥΒΙΑ ΠΡΟΣ ΠΟΛΗ,39.613541,19.862564
861,VOULGARI TO TOWN,ΒΟΥΛΓΑΡΗ ΠΡΟΣ ΠΟΛΗ,39.617600,19.862952
862,ESTAVROMENOS TO TOWN,ΕΣΤΑΥΡΩΜΕΝΟΣ ΠΡΟΣ ΠΟΛΗ,39.619094,19.862697
863,SCHOOL OF AFRA TO TOWN,ΣΧΟΛΕΙΟ ΑΦΡΑ ΠΡΟΣ ΠΟΛΗ,39.621128,19.860529
864,AFRA SQAURE TO TOWN,ΠΛΑΤΕΙΑ ΑΦΡΑΣ ΠΡΟΣ ΠΟΛΗ,39.621785,19.857689
865,PILIOKOKOU TO TOWN,ΠΙΛΙΟΚΟΚΟΥ ΠΡΟΣ ΠΟΛΗ,39.623208,19.853309
866,KAPELA TO TOWN,ΚΑΠΕΛΑ ΠΡΟΣ ΠΟΛΗ,39.624779,19.846956
867,OLD TERMINAL AFRA TO TOWN,ΠΑΛΙΟ ΤΕΡΜΑ ΑΦΡΑΣ ΠΡΟΣ ΠΟΛΗ,39.624992,19.844723
868,KARDAKARI TO TOWN,ΚΑΡΔΑΚΑΡΗ ΠΡΟΣ ΠΟΛΗ,39.620703,19.841535
870,SITSA TO TOWN,ΣΙΤΣΑ ΠΡΟΣ ΠΟΛΗ,39.622568,19.856392
871,BARIKIOU TO TOWN,ΜΠΑΡΙΚΙΟΥ ΠΡΟΣ ΠΟΛΗ,39.623190,19.851290
872,PUBLIC HOUSING ST. IOANNIS TO TOWN,ΕΡΓΑΤΙΚΕΣ ΚΑΤΟΙΚΙΕΣ ΑΓ. ΙΩΑΝΝΗΣ ΠΡΟΣ ΠΟΛΗ,39.618833,19.840067
900,KINDERGARTEN VRIONI,ΝΗΠΙΑΓΩΓΕΙΟ ΒΡΥΩΝΗ,39.592091,19.892215
901,PAPAKATERI,ΠΑΠΑΚΑΤΕΡΙ,39.589394,19.888175
902,PIGADOULIA,ΠΗΓΑΔΟΥΛΙΑ,39.587499,19.886436
903,NERAIDA,ΝΕΡΑΪΔΑ,39.586654,19.883801
904,SCHOOL OF VIROS,ΣΧΟΛΕΙΟ ΒΥΡΟΥ,39.585913,19.882271
905,ST. GEORGE VIROU,ΑΓΙΟΣ ΓΕΩΡΓΙΟΣ ΒΙΡΟΥ,39.587185,19.878630
906,KOTSIFAKIA,ΚΟΤΣΙΦΑΚΙΑ,39.589606,19.873215
907,KOTHONIKI,ΚΟΘΟΝΙΚΗ,39.585587,19.869424
908,KOUTROULI,ΚΟΥΤΡΟΥΛΗ,39.583981,19.868818
909,ST. MARINA,ΑΓΙΑ ΜΑΡΙΝΑ,39.582205,19.866587
910,COURT KALAFATIONES,ΓΗΠΕΔΟ ΚΑΛΑΦΑΤΙΩΝΕΣ,39.581970,19.862886
911,CAFE KALAFATIONES,ΚΑΦΕΝΕΙΟ ΚΑΛΑΦΑΤΙΩΝΕΣ,39.579878,19.860922
912,KALAFATIONES SQUARE,ΠΛΑΤΕΙΑ ΚΑΛΑΦΑΤΙΩΝΕΣ,39.579886,19.858107
913,PLAYGROUND KALAFATIONES,ΠΑΙΔΙΚΗ ΧΑΡΑ ΚΑΛΑΦΑΤΙΩΝΕΣ,39.580152,19.855425
914,TERMINAL VARIPATADES TO TOWN,ΤΕΡΜΑ ΒΑΡΥΠΑΤΑΔΕΣ ΠΡΟΣ ΠΟΛΗ,39.583816,19.850302
920,KINDERGARTEN VRIONI TO TOWN,ΝΗΠΙΑΓΩΓΕΙΟ ΒΡΥΩΝΗ ΠΡΟΣ ΠΟΛΗ,39.592005,19.892250
921,PAPAKATERI TO TOWN,ΠΑΠΑΚΑΤΕΡΙ ΠΡΟΣ ΠΟΛΗ,39.589358,19.888240
922,PIGADOULIA TO TOWN,ΠΗΓΑΔΟΥΛΙΑ ΠΡΟΣ ΠΟΛΗ,39.587525,19.886580
923,NERAIDA TO TOWN,ΝΕΡΑΪΔΑ ΠΡΟΣ ΠΟΛΗ,39.586583,19.883832
924,SCHOOL OF VIROS TO TOWN,ΣΧΟΛΕΙΟ ΒΥΡΟΥ ΠΡΟΣ ΠΟΛΗ,39.585816,19.882329
925,ST. GEORGE VIROS TO TOWN,ΑΓΙΟΣ ΓΕΩΡΓΙΟΣ ΒIΡΟΥ ΠΡΟΣ ΠΟΛΗ,39.587083,19.878625
926,KOTSIFAKIA TO TOWN,ΚΟΤΣΙΦΑΚΙΑ ΠΡΟΣ ΠΟΛΗ,39.589156,19.872677
927,KOTHONIKI TO TOWN,ΚΟΘΟΝΙΚΗ ΠΡΟΣ ΠΟΛΗ,39.585703,19.869584
928,KOUTROULI TO TOWN,ΚΟΥΤΡΟΥΛΗ ΠΡΟΣ ΠΟΛΗ,39.583875,19.868929
929,ST. MARINA TO TOWN,ΑΓΙΑ ΜΑΡΙΝΑ ΠΡΟΣ ΠΟΛΗ,39.582057,19.866430
930,COURT KALAFATIONES TO TOWN,ΓΗΠΕΔΟ ΚΑΛΑΦΑΤΙΩΝΕΣ ΠΡΟΣ ΠΟΛΗ,39.581986,19.863004
931,CAFE KALAFATIONES TO TOWN,ΚΑΦΕΝΕΙΟ ΚΑΛΑΦΑΤΙΩΝΕΣ ΠΡΟΣ ΠΟΛΗ,39.579784,19.860939
932,KALAFATIONES SQUARE TO TOWN,ΠΛΑΤΕΙΑ ΚΑΛΑΦΑΤΙΩΝΕΣ ΠΡΟΣ ΠΟΛΗ,39.579823,19.858092
933,PLAYGROUND KALAFATIONES TO TOWN,ΠΑΙΔΙΚΗ ΧΑΡΑ ΚΑΛΑΦΑΤΙΩΝΕΣ ΠΡΟΣ ΠΟΛΗ,39.580046,19.855491
934,MEMITSA,ΜΕΜΙΤΣΑ,39.590554,19.890602
935,RELIOU,ΡΕΛΙΟΥ,39.588633,19.876145
936,MEMITSA TO TOWN,ΜΕΜΙΤΣΑ ΠΡΟΣ ΠΟΛΗ,39.590002,19.889632
937,RELIOU TO TOWN,ΡΕΛΙΟΥ ΠΡΟΣ ΠΟΛΗ,39.588683,19.875542
982,KASTROS (SEASIDE),ΚΑΣΤΡΟΣ (ΠΑΡΑΛΙΑΚΑ),39.614526,19.920765
983,KARATZA (SEASIDE),ΚΑΡΑΤΖΑ (ΠΑΡΑΛΙΑΚΑ),39.613266,19.920901
984,DESSYLA (SEASIDE),ΔΕΣΣΥΛΑ (ΠΑΡΑΛΙΑΚΑ),39.611936,19.921902
985,GARITSA PLAYGROUND (SEASIDE),ΠΑΙΔΙΚΗ ΧΑΡΑ ΓΑΡΙΤΣΑ (ΠΑΡΑΛΙΑΚΑ),39.611061,19.925038
986,AGAMON (SEASIDE),ΑΓΑΜΩΝ (ΠΑΡΑΛΙΑΚΑ),39.611546,19.923095
987,ANEMOMYLOS (SEASIDE),ΑΝΕΜΟΜΥΛΟΣ (ΠΑΡΑΛΙΑΚΑ),39.610792,19.927089
1019,PIKOULEON TO ACHILLION,ΠΙΚΟΥΛΑΙΩΝ ΠΡΟΣ ΑΧΙΛΛΕΙΟΝ,39.568942,19.896851
1020,GIATROU TO ACHILLION,ΓΙΑΤΡΟΥ ΠΡΟΣ ΑΧΙΛΛΕΙΟΝ,39.566126,19.896965
1021,PAXATIKA JUNCTION TO ACHILLION,ΔΙΑΣΤΑΥΡΩΣΗ ΠΑΧΑΤΙΚΑ ΠΡΟΣ ΑΧΙΛΛΕΙΟΝ,39.562078,19.897308
1022,PHILHARMONIC TO ACHILLION,ΦΙΛΑΡΜΟΝΙΚΗ ΠΡΟΣ ΑΧΙΛΛΕΙΟΝ,39.561326,19.898514
1023,SCHOOL OF GASTOURI TO ACHILLION,ΣΧΟΛΕΙΟ ΓΑΣΤΟΥΡΙΟΥ ΠΡΟΣ ΑΧΙΛΛΕΙΟΝ,39.561696,19.900882
1024,ACHILLION,ΑΧΙΛΛΕΙΟΝ,39.561725,19.903391
1025,SCHOOL OF GASTOURI,ΣΧΟΛΕΙΟ ΓΑΣΤΟΥΡΙΟΥ,39.561744,19.900936
1026,PHILHARMONIC,ΦΙΛΑΡΜΟΝΙΚΗ,39.561432,19.898519
1027,PAXATIKA JUNCTION,ΔΙΑΣΤΑΥΡΩΣΗ ΠΑΧΑΤΙΚΑ,39.562108,19.897380
1028,GIATROU,ΓΙΑΤΡΟΥ,39.566205,19.897139
1029,PIKOULEON,ΠΙΚΟΥΛΑΙΩΝ,39.568999,19.896951
1030,HOTEL BENITSES VIEW TO TOWN,ΞΕΝΟΔΟΧΕΙΟ BENITSES VIEW ΠΡΟΣ ΠΟΛΗ,39.560804,19.905502
1119,ELIA KAROUBATIKA,ΕΛΙΑ ΚΑΡΟΥΜΠΑΤΙΚΑ,39.608444,19.847135
1120,KAROUBATIKA,ΚΑΡΟΥΜΠΑΤΙΚΑ,39.606930,19.843415
1121,VELLIANITI,ΒΕΛΛΙΑΝΙΤΗ,39.605622,19.840301
1122,KATO LIMNI,ΚΑΤΩ ΛΙΜΝΗ,39.604566,19.835054
1123,CHURCH,ΕΚΚΛΗΣΙΑ,39.600076,19.830421
1124,STROFI,ΣΤΡΟΦΗ,39.598516,19.825259
1125,TZANI,ΤΖΑΝΗ,39.596482,19.824905
1126,PAPAVLASOPOULOS,ΠΑΠΑΒΛΑΣΟΠΟΥΛΟΣ,39.592454,19.824645
1127,BIZI,ΜΠΙΖΗ,39.589986,19.823165
1128,MOUCHA,ΜΟΥΧΑ,39.588446,19.823281
1129,PELEKAS SQUARE TO TOWN,ΠΛΑΤΕΙΑ ΠΕΛΕΚΑ ΠΡΟΣ ΠΟΛΗ,39.592044,19.822264
1131,PARKING PELEKAS TO TOWN,PARKING ΠΕΛΕΚΑΣ ΠΡΟΣ ΠΟΛΗ,39.591011,19.822128
1132,PAPAVLASOPOULOS TO TOWN,ΠΑΠΑΒΛΑΣΟΠΟΥΛΟΣ ΠΡΟΣ ΠΟΛΗ,39.592403,19.824732
1133,TZANI TO TOWN,ΤΖΑΝΗ ΠΡΟΣ ΠΟΛΗ,39.596538,19.825003
1134,STROFI TO TOWN,ΣΤΡΟΦΗ ΠΡΟΣ ΠΟΛΗ,39.598453,19.825336
1135,CHURCH TO TOWN,ΕΚΚΛΗΣΙΑ ΠΡΟΣ ΠΟΛΗ,39.600017,19.830510
1136,KATO LIMNI TO TOWN,ΚΑΤΩ ΛΙΜΝΗ ΠΡΟΣ ΠΟΛΗ,39.604540,19.835145
1137,VELLIANITI TO TOWN,ΒΕΛΛΙΑΝΙΤΗ ΠΡΟΣ ΠΟΛΗ,39.605544,19.840340
1138,KAROUBATIKA TO TOWN,ΚΑΡΟΥΜΠΑΤΙΚΑ ΠΡΟΣ ΠΟΛΗ,39.606957,19.843603
1139,ELIA KAROUBATIKA TO TOWN,ΕΛΙΑ ΚΑΡΟΥΜΠΑΤΙΚΑ ΠΡΟΣ ΠΟΛΗ,39.608374,19.847122
1140,MOUCHA TERMINAL TO TOWN,ΜΟΥΧΑ ΤΕΡΜΑ ΠΡΟΣ ΠΟΛΗ,39.588008,19.823409
1195,PARKING PELEKAS,PARKING ΠΕΛΕΚΑΣ,39.591080,19.822175
1415,KOBITSI JUNCTION,ΔΙΑΣΤΑΥΡΩΣΗ ΚΟΜΠΙΤΣΙΟΥ,39.606926,19.869681
1416,KOBITSI SQUARE TO TOWN,ΠΛΑΤΕΙΑ ΚΟΜΠΙΤΣΙ ΠΡΟΣ ΠΟΛΗ,39.601867,19.866069
1417,KOBITSI JUNCTION TO TOWN,ΔΙΑΣΤΑΥΡΩΣΗ ΚΟΜΠΙΤΣΙΟΥ ΠΡΟΣ ΠΟΛΗ,39.606942,19.869755
1419,LAVRANOU TO KANALIA TO TOWN,ΛΑΒΡΑΝΟΥ ΠΡΟΣ ΚΑΝΑΛΙΑ ΠΡΟΣ ΠΟΛΗ,39.609586,19.878171
1420,DISTRATO TO TOWN,ΔΙΣΤΡΑΤΟ ΠΡΟΣ ΠΟΛΗ,39.607033,19.880337
1421,ST. NIKOLAOS TO TOWN,ΑΓΙΟΣ ΝΙΚΟΛΑΟΣ ΠΡΟΣ ΠΟΛΗ,39.606123,19.882069
1422,SCHOOL KANALIA TO TOWN,ΣΧΟΛΕΙΟ ΚΑΝΑΛΙΩΝ ΠΡΟΣ ΠΟΛΗ,39.608345,19.887412
1423,ST. HELEN TO TOWN,ΑΓΙΑ ΠΡΟΣ ΠΟΛΗΛΕΝΗ ΠΡΟΣ ΠΟΛΗ,39.609095,19.891924
1424,KANALIA JUNCTION TO TOWN,ΔΙΑΣΤΑΥΡΩΣΗ ΚΑΝΑΛΙΑ ΠΡΟΣ ΠΟΛΗ,39.606928,19.894997
1425,KANALIA TO TOWN,ΚΑΝΑΛΙΑ ΠΡΟΣ ΠΟΛΗ,39.608234,19.894271
1426,HOTEL FOLIES,ΞΕΝΟΔΟΧΕΙΟ ΦΩΛΙΕΣ,39.617051,19.899879
1427,HOTEL FOLIES TO TOWN,ΞΕΝΟΔΟΧΕΙΟ ΦΩΛΙΕΣ ΠΡΟΣ ΠΟΛΗ,39.616883,19.899902
2393,ST. GEORGE MADOUKI TO TOWN,ΑΓΙΟΣ ΓΕΩΡΓΙΟΣ ΜΑΝΤΟΥΚΙ ΠΡΟΣ ΠΟΛΗ,39.625721,19.908992
2858,BIZI TO TOWN,ΜΠΙΖΗ ΠΡΟΣ ΠΟΛΗ,39.589975,19.823271
9450,KINDERGARTEN PEROULAKI TO TOWN,ΠΑΙΔΙΚΟΣ ΣΤΑΘΜΟΣ ΠΕΡΟΥΛΑΚΗ ΠΡΟΣ ΠΟΛΗ,39.629214,19.878923
9452,POLICHOMA 3 TO TOWN,ΠΟΛΥΧΩΜΑ 3 ΠΡΟΣ ΠΟΛΗ,39.631682,19.854008
9464,MERKOURI,ΜΕΡΚΟΥΡΗ,39.642204,19.817661
9469,POLICHOMA 2 TO TOWN,ΠΟΛΥΧΩΜΑ 2 ΠΡΟΣ ΠΟΛΗ,39.632331,19.854297
9470,POLICHOMA 1,ΠΟΛΥΧΩΜΑ 1 ΠΡΟΣ ΠΟΛΗ,39.631615,19.856504
32381,IKA TO TOWN,ΙΚΑ ΠΡΟΣ ΠΟΛΗ,39.626451,19.913268
